{"cameraMode":{"drawMode":0,"name":"Shaded","section":"Shading Mode"},"sceneLighting":true,"audioPlay":false,"sceneViewState":{"showFog":true,"showMaterialUpdate":false,"showSkybox":true,"showFlares":true,"showImageEffects":true,"showParticleSystems":true},"in2DMode":false,"pivot":{"x":58.30411148071289,"y":100.67611694335938,"z":81.0775146484375},"rotation":{"x":0.45284590125083926,"y":-0.5466026067733765,"z":0.4768698811531067,"w":0.5191919207572937},"size":15.884862899780274,"orthographic":false}