{"cameraMode":{"drawMode":0,"name":"Shaded","section":"Shading Mode"},"sceneLighting":true,"audioPlay":false,"sceneViewState":{"showFog":true,"showMaterialUpdate":false,"showSkybox":true,"showFlares":true,"showImageEffects":true,"showParticleSystems":true},"in2DMode":false,"pivot":{"x":33.49787521362305,"y":-148.65048217773438,"z":104.86905670166016},"rotation":{"x":0.47432804107666018,"y":0.058368463069200519,"z":-0.031404100358486179,"w":0.8779988884925842},"size":236.8527374267578,"orthographic":false}